{
  "run_date": "2025-12-19T02:07:25.270482",
  "n_trades": 789448,
  "original_win_rate": 0.6610049046928993,
  "methods": {
    "shuffle": {
      "method": "shuffle",
      "n_simulations": 5000,
      "metrics": {
        "total_return": {
          "mean": NaN,
          "std": NaN,
          "min": NaN,
          "max": NaN,
          "percentiles": {
            "p5": NaN,
            "p25": NaN,
            "p50": NaN,
            "p75": NaN,
            "p95": NaN
          }
        },
        "max_drawdown": {
          "mean": 0.21479419591509194,
          "std": 0.02465481654759315,
          "min": 0.1575525447885752,
          "max": 0.33296896429654244,
          "percentiles": {
            "p5": 0.18163039439680648,
            "p25": 0.19854755477453248,
            "p50": 0.211175816487006,
            "p75": 0.22748222025731993,
            "p95": 0.2604738818729015
          }
        },
        "sharpe_ratio": {
          "mean": 312.45943365570594,
          "std": 2.8341208805514935,
          "min": 301.9910219644301,
          "max": 321.79469114766397,
          "percentiles": {
            "p5": 307.7118885044537,
            "p25": 310.58935329803205,
            "p50": 312.4658782912985,
            "p75": 314.40253192638875,
            "p95": 317.0982816794739
          }
        },
        "win_rate": {
          "mean": 0.6610049046928993,
          "std": 0.0,
          "min": 0.6610049046928993,
          "max": 0.6610049046928993,
          "percentiles": {
            "p5": 0.6610049046928993,
            "p25": 0.6610049046928993,
            "p50": 0.6610049046928993,
            "p75": 0.6610049046928993,
            "p95": 0.6610049046928993
          }
        },
        "profit_factor": {
          "mean": 2.7964853682052047,
          "std": 4.440892098500626e-16,
          "min": 2.796485368205205,
          "max": 2.796485368205205,
          "percentiles": {
            "p5": 2.796485368205205,
            "p25": 2.796485368205205,
            "p50": 2.796485368205205,
            "p75": 2.796485368205205,
            "p95": 2.796485368205205
          }
        },
        "recovery_factor": {
          "mean": NaN,
          "std": NaN,
          "min": NaN,
          "max": NaN,
          "percentiles": {
            "p5": NaN,
            "p25": NaN,
            "p50": NaN,
            "p75": NaN,
            "p95": NaN
          }
        },
        "final_capital": {
          "mean": NaN,
          "std": NaN,
          "min": NaN,
          "max": NaN,
          "percentiles": {
            "p5": NaN,
            "p25": NaN,
            "p50": NaN,
            "p75": NaN,
            "p95": NaN
          }
        }
      },
      "risk_of_ruin": 0.0
    },
    "bootstrap": {
      "method": "bootstrap",
      "n_simulations": 5000,
      "metrics": {
        "total_return": {
          "mean": NaN,
          "std": NaN,
          "min": NaN,
          "max": NaN,
          "percentiles": {
            "p5": NaN,
            "p25": NaN,
            "p50": NaN,
            "p75": NaN,
            "p95": NaN
          }
        },
        "max_drawdown": {
          "mean": 0.21453011914069348,
          "std": 0.023992459650805428,
          "min": 0.16279324234967407,
          "max": 0.34183376993210945,
          "percentiles": {
            "p5": 0.18235464496809503,
            "p25": 0.19854755477453223,
            "p50": 0.21167622987895288,
            "p75": 0.2274822202573199,
            "p95": 0.25862043295528975
          }
        },
        "sharpe_ratio": {
          "mean": 312.4957930773653,
          "std": 2.9147385173568963,
          "min": 302.86850998705023,
          "max": 322.4435374658465,
          "percentiles": {
            "p5": 307.6877369953487,
            "p25": 310.5646717277967,
            "p50": 312.4827961352442,
            "p75": 314.45647476662845,
            "p95": 317.2934966911751
          }
        },
        "win_rate": {
          "mean": 0.6609984318156484,
          "std": 0.0005358498686988026,
          "min": 0.6590579746861098,
          "max": 0.6629543681154427,
          "percentiles": {
            "p5": 0.6601245427184564,
            "p25": 0.6606400928243532,
            "p50": 0.6609922376141304,
            "p75": 0.6613640163759994,
            "p95": 0.6618751963397209
          }
        },
        "profit_factor": {
          "mean": 2.7964215601629845,
          "std": 0.007045588390891324,
          "min": 2.77009024495058,
          "max": 2.8248900575513938,
          "percentiles": {
            "p5": 2.7849379501505562,
            "p25": 2.791724475622384,
            "p50": 2.7963030760469834,
            "p75": 2.801193619321792,
            "p95": 2.8079998289502552
          }
        },
        "recovery_factor": {
          "mean": NaN,
          "std": NaN,
          "min": NaN,
          "max": NaN,
          "percentiles": {
            "p5": NaN,
            "p25": NaN,
            "p50": NaN,
            "p75": NaN,
            "p95": NaN
          }
        },
        "final_capital": {
          "mean": NaN,
          "std": NaN,
          "min": NaN,
          "max": NaN,
          "percentiles": {
            "p5": NaN,
            "p25": NaN,
            "p50": NaN,
            "p75": NaN,
            "p95": NaN
          }
        }
      },
      "risk_of_ruin": 0.0
    },
    "noise": {
      "method": "noise",
      "n_simulations": 5000,
      "metrics": {
        "total_return": {
          "mean": NaN,
          "std": NaN,
          "min": NaN,
          "max": NaN,
          "percentiles": {
            "p5": NaN,
            "p25": NaN,
            "p50": NaN,
            "p75": NaN,
            "p95": NaN
          }
        },
        "max_drawdown": {
          "mean": 0.35379790002851724,
          "std": 0.0032333358578506242,
          "min": 0.34212559157636774,
          "max": 0.36850893966715675,
          "percentiles": {
            "p5": 0.3491641119721898,
            "p25": 0.3515615687782847,
            "p50": 0.353509474168219,
            "p75": 0.35571343701102043,
            "p95": 0.3595740260109234
          }
        },
        "sharpe_ratio": {
          "mean": 462.0626623173697,
          "std": 0.11156190244996042,
          "min": 461.58322583083856,
          "max": 462.5046914359151,
          "percentiles": {
            "p5": 461.88211615016473,
            "p25": 461.9945558636364,
            "p50": 462.0692812003161,
            "p75": 462.13447699989194,
            "p95": 462.2365173029969
          }
        },
        "win_rate": {
          "mean": 0.6610049046928993,
          "std": 0.0,
          "min": 0.6610049046928993,
          "max": 0.6610049046928993,
          "percentiles": {
            "p5": 0.6610049046928993,
            "p25": 0.6610049046928993,
            "p50": 0.6610049046928993,
            "p75": 0.6610049046928993,
            "p95": 0.6610049046928993
          }
        },
        "profit_factor": {
          "mean": 2.7964853682052047,
          "std": 4.440892098500626e-16,
          "min": 2.796485368205205,
          "max": 2.796485368205205,
          "percentiles": {
            "p5": 2.796485368205205,
            "p25": 2.796485368205205,
            "p50": 2.796485368205205,
            "p75": 2.796485368205205,
            "p95": 2.796485368205205
          }
        },
        "recovery_factor": {
          "mean": NaN,
          "std": NaN,
          "min": NaN,
          "max": NaN,
          "percentiles": {
            "p5": NaN,
            "p25": NaN,
            "p50": NaN,
            "p75": NaN,
            "p95": NaN
          }
        },
        "final_capital": {
          "mean": NaN,
          "std": NaN,
          "min": NaN,
          "max": NaN,
          "percentiles": {
            "p5": NaN,
            "p25": NaN,
            "p50": NaN,
            "p75": NaN,