{
  "run_date": "2025-12-20T06:02:19.691494",
  "n_trades": 789448,
  "original_win_rate": 0.6610049046928993,
  "methods": {
    "shuffle": {
      "method": "shuffle",
      "n_simulations": 5000,
      "metrics": {
        "total_return": {
          "mean": 98594.69763557632,
          "std": 2129.319695897474,
          "min": 82449.91794855143,
          "max": 99999.0,
          "percentiles": {
            "p5": 93808.94791182617,
            "p25": 97749.0,
            "p50": 99999.0,
            "p75": 99999.0,
            "p95": 99999.0
          }
        },
        "max_drawdown": {
          "mean": 0.26191723064750383,
          "std": 0.022492231332923655,
          "min": 0.20623798131439638,
          "max": 0.3760541478172533,
          "percentiles": {
            "p5": 0.23228789925742685,
            "p25": 0.24675171062577628,
            "p50": 0.2579539404025366,
            "p75": 0.27348518617924367,
            "p95": 0.30277956604647466
          }
        },
        "sharpe_ratio": {
          "mean": 5.767058150879608,
          "std": 0.0010175635016361215,
          "min": 5.75939041455542,
          "max": 5.768750411860988,
          "percentiles": {
            "p5": 5.765037450921131,
            "p25": 5.766638223743374,
            "p50": 5.767401487360962,
            "p75": 5.7677443268608375,
            "p95": 5.768085484880048
          }
        },
        "win_rate": {
          "mean": 0.6610049046928993,
          "std": 0.0,
          "min": 0.6610049046928993,
          "max": 0.6610049046928993,
          "percentiles": {
            "p5": 0.6610049046928993,
            "p25": 0.6610049046928993,
            "p50": 0.6610049046928993,
            "p75": 0.6610049046928993,
            "p95": 0.6610049046928993
          }
        },
        "profit_factor": {
          "mean": 2.7964853682052047,
          "std": 4.440892098500626e-16,
          "min": 2.796485368205205,
          "max": 2.796485368205205,
          "percentiles": {
            "p5": 2.796485368205205,
            "p25": 2.796485368205205,
            "p50": 2.796485368205205,
            "p75": 2.796485368205205,
            "p95": 2.796485368205205
          }
        },
        "recovery_factor": {
          "mean": 379048.9539471932,
          "std": 31740.759348053125,
          "min": 236417.80700525493,
          "max": 463344.5031484802,
          "percentiles": {
            "p5": 323571.0459563476,
            "p25": 359110.9220642621,
            "p50": 381887.7487404681,
            "p75": 400784.9781526204,
            "p95": 426084.3209870861
          }
        },
        "final_capital": {
          "mean": 985956976.3557633,
          "std": 21293196.958974738,
          "min": 824509179.4855143,
          "max": 1000000000.0,
          "percentiles": {
            "p5": 938099479.1182617,
            "p25": 977500000.0,
            "p50": 1000000000.0,
            "p75": 1000000000.0,
            "p95": 1000000000.0
          }
        }
      },
      "risk_of_ruin": 0.0
    },
    "bootstrap": {
      "method": "bootstrap",
      "n_simulations": 5000,
      "metrics": {
        "total_return": {
          "mean": 98532.98286505825,
          "std": 2242.2927787730996,
          "min": 83719.6757650326,
          "max": 99999.0,
          "percentiles": {
            "p5": 93808.94791182617,
            "p25": 97749.0,
            "p50": 99999.0,
            "p75": 99999.0,
            "p95": 99999.0
          }
        },
        "max_drawdown": {
          "mean": 0.2619523316748866,
          "std": 0.022959727845454313,
          "min": 0.21314787694578838,
          "max": 0.42460994828042986,
          "percentiles": {
            "p5": 0.23228789925742674,
            "p25": 0.24576781720285984,
            "p50": 0.2579539404025366,
            "p75": 0.27394607182383024,
            "p95": 0.30495341708005286
          }
        },
        "sharpe_ratio": {
          "mean": 5.76715000979462,
          "std": 0.004603988998014496,
          "min": 5.751528841194041,
          "max": 5.783744553406651,
          "percentiles": {
            "p5": 5.759562021879872,
            "p25": 5.764065401467239,
            "p50": 5.76720605563416,
            "p75": 5.770209766059446,
            "p95": 5.774662248920279
          }
        },
        "win_rate": {
          "mean": 0.6609936449265817,
          "std": 0.0005376669595394627,
          "min": 0.6592213800022294,
          "max": 0.663022770340795,
          "percentiles": {
            "p5": 0.6601076321682998,
            "p25": 0.6606347093158764,
            "p50": 0.6609954043838226,
            "p75": 0.661353566036015,
            "p95": 0.6618738662964502
          }
        },
        "profit_factor": {
          "mean": 2.7963226187804415,
          "std": 0.007029686486016768,
          "min": 2.7715594016144345,
          "max": 2.8201975524741103,
          "percentiles": {
            "p5": 2.7848618806070093,
            "p25": 2.7916759944615386,
            "p50": 2.7963035071095588,
            "p75": 2.801074896399055,
            "p95": 2.8078763972933536
          }
        },
        "recovery_factor": {
          "mean": 378872.9944204792,
          "std": 32508.130737730076,
          "min": 235507.90650330347,
          "max": 469153.1599230217,
          "percentiles": {
            "p5": 321185.5197260685,
            "p25": 357427.18349413085,
            "p50": 381206.05300071987,
            "p75": 402192.24095577176,
            "p95": 426968.123733527
          }
        },
        "final_capital": {
          "mean": 985339828.6505824,
          "std": 22422927.787730996,
          "min": 837206757.650326,
          "max": 1000000000.0,
          "percentiles": {
            "p5": 938099479.1182617,
            "p25": 977500000.0,
            "p50": 1000000000.0,
            "p75": 1000000000.0,
            "p95": 1000000000.0
          }
        }
      },
      "risk_of_ruin": 0.0
    },
    "noise": {
      "method": "noise",
      "n_simulations": 5000,
      "metrics": {
        "total_return": {
          "mean": 83694.57903668117,
          "std": 306.05065264014866,
          "min": 82714.77901752184,
          "max": 84650.49914570394,
          "percentiles": {
            "p5": 83192.61020254233,
            "p25": 83483.55245495291,
            "p50": 83693.61229834886,
            "p75": 83894.16459228194,
            "p95": 84208.59295115856
          }
        },
        "max_drawdown": {
          "mean": 0.9243550984506456,
          "std": 0.0015405597038024039,
          "min": 0.9185417263174296,
          "max": 0.9295359854512156,
          "percentiles": {
            "p5": 0.9217672110164736,
            "p25": 0.9233453182315103,
            "p50": 0.924336837216662,
            "p75": 0.925396943309489,
            "p95": 0.9268607093693627
          }
        },
        "sharpe_ratio": {
          "mean": 5.823828826290179,
          "std": 0.0002976548197262632,
          "min": 5.822906970113893,
          "max": 5.824973456509694,
          "percentiles": {
            "p5": 5.823333829846549,
            "p25": 5.82362866856893,
            "p50": 5.82382953717261,
            "p75": 5.824025493283072,
            "p95": 5.824312073653684
          }
        },
        "win_rate": {
          "mean": 0.6610049046928993,
          "std": 0.0,
          "min": 0.6610049046928993,
          "max": 0.6610049046928993,
          "percentiles": {
            "p5": 0.6610049046928993,
            "p25": 0.6610049046928993,
            "p50": 0.6610049046928993,
            "p75": 0.6610049046928993,
            "p95": 0.6610049046928993
          }
        },
        "profit_factor": {
          "mean": 2.7964853682052047,
          "std": 4.440892098500626e-16,
          "min": 2.796485368205205,
          "max": 2.796485368205205,