{
  "run_date": "2025-12-21T00:15:00.000000",
  "n_trades": 789448,
  "original_win_rate": 0.6610049046928993,
  "methods": {
    "shuffle": {
      "method": "shuffle",
      "n_simulations": 5000,
      "metrics": {
        "total_return": {
          "mean": 99224.22214131568,
          "std": 1172.4059890528963,
          "min": 86970.00633096848,
          "max": 99999.0,
          "percentiles": {
            "p5": 96700.40957366384,
            "p25": 98874.0,
            "p50": 99999.0,
            "p75": 99999.0,
            "p95": 99999.0
          }
        },
        "max_drawdown": {
          "mean": 0.13933859424524384,
          "std": 0.012899529080590886,
          "min": 0.11079160801915955,
          "max": 0.21703729962666596,
          "percentiles": {
            "p5": 0.12263480525515554,
            "p25": 0.13047753034667556,
            "p50": 0.13704857286161595,
            "p75": 0.14614472414628804,
            "p95": 0.16329729963275783
          }
        },
        "sharpe_ratio": {
          "mean": 3.631507690286394,
          "std": 0.001055999704114728,
          "min": 3.619979581248203,
          "max": 3.632671944904477,
          "percentiles": {
            "p5": 3.6293303777383095,
            "p25": 3.6311613342916402,
            "p50": 3.632059430719242,
            "p75": 3.6322070752493465,
            "p95": 3.632334547428401
          }
        },
        "win_rate": {
          "mean": 0.6610049046928993,
          "std": 0.0,
          "min": 0.6610049046928993,
          "max": 0.6610049046928993,
          "percentiles": {
            "p5": 0.6610049046928993,
            "p25": 0.6610049046928993,
            "p50": 0.6610049046928993,
            "p75": 0.6610049046928993,
            "p95": 0.6610049046928993
          }
        },
        "profit_factor": {
          "mean": 2.7964853682052047,
          "std": 4.440892098500626e-16,
          "min": 2.796485368205205,
          "max": 2.796485368205205,
          "percentiles": {
            "p5": 2.796485368205205,
            "p25": 2.796485368205205,
            "p50": 2.796485368205205,
            "p75": 2.796485368205205,
            "p95": 2.796485368205205
          }
        },
        "recovery_factor": {
          "mean": 717820.2504452772,
          "std": 62882.81438221493,
          "min": 457701.6465776657,
          "max": 902586.4123454806,
          "percentiles": {
            "p5": 608484.7827293292,
            "p25": 679285.4565317108,
            "p50": 722881.4517781015,
            "p75": 763361.9467879675,
            "p95": 813976.8536986008
          }
        },
        "final_capital": {
          "mean": 992252221.4131569,
          "std": 11724059.890528964,
          "min": 869710063.3096848,
          "max": 1000000000.0,
          "percentiles": {
            "p5": 967014095.7366384,
            "p25": 988750000.0,
            "p50": 1000000000.0,
            "p75": 1000000000.0,
            "p95": 1000000000.0
          }
        }
      },
      "risk_of_ruin": 0.0
    },
    "bootstrap": {
      "method": "bootstrap",
      "n_simulations": 5000,
      "metrics": {
        "total_return": {
          "mean": 99255.67214395682,
          "std": 1128.7622143447234,
          "min": 88697.67603890007,
          "max": 99999.0,
          "percentiles": {
            "p5": 96888.5309021518,
            "p25": 98874.0,
            "p50": 99999.0,
            "p75": 99999.0,
            "p95": 99999.0
          }
        },
        "max_drawdown": {
          "mean": 0.1391936207841074,
          "std": 0.012758806750899746,
          "min": 0.11093297847452425,
          "max": 0.2136742723922317,
          "percentiles": {
            "p5": 0.12264178068715262,
            "p25": 0.12997450502433652,
            "p50": 0.13691135504422033,
            "p75": 0.14614472414628796,
            "p95": 0.1627108491940992
          }
        },
        "sharpe_ratio": {
          "mean": 3.6315312497742664,
          "std": 0.0018080475746780928,
          "min": 3.6237157781349576,
          "max": 3.6369539104423145,
          "percentiles": {
            "p5": 3.6284560993632735,
            "p25": 3.630374657511267,
            "p50": 3.631609607877813,
            "p75": 3.6327781018024337,
            "p95": 3.6343382083937548
          }
        },
        "win_rate": {
          "mean": 0.6610087040565054,
          "std": 0.0005344328030523362,
          "min": 0.6592783818566897,
          "max": 0.6629923693517495,
          "percentiles": {
            "p5": 0.6601295462145702,
            "p25": 0.6606502264873684,
            "p50": 0.6610061714007762,
            "p75": 0.6613722499771992,
            "p95": 0.6618903334988498
          }
        },
        "profit_factor": {
          "mean": 2.796538663847768,
          "std": 0.006960685660744709,
          "min": 2.773825546928219,
          "max": 2.8235368546187325,
          "percentiles": {
            "p5": 2.7850518485588025,
            "p25": 2.791870619786274,
            "p50": 2.7964952592105474,
            "p75": 2.801311333993803,
            "p95": 2.8079335979791904
          }
        },
        "recovery_factor": {
          "mean": 718723.2223456055,
          "std": 62677.57979389984,
          "min": 467997.381624104,
          "max": 892268.5617803178,
          "percentiles": {
            "p5": 610650.397412455,
            "p25": 678660.4200830666,
            "p50": 723355.136823952,
            "p75": 762669.1789280617,
            "p95": 813053.9347896068
          }
        },
        "final_capital": {
          "mean": 992566721.4395682,
          "std": 11287622.143447235,
          "min": 886986760.3890007,
          "max": 1000000000.0,
          "percentiles": {
            "p5": 968895309.021518,
            "p25": 988750000.0,
            "p50": 1000000000.0,
            "p75": 1000000000.0,
            "p95": 1000000000.0
          }
        }
      },
      "risk_of_ruin": 0.0
    },
    "noise": {
      "method": "noise",
      "n_simulations": 5000,
      "metrics": {
        "total_return": {
          "mean": 91668.56375641149,
          "std": 168.74139149546622,
          "min": 91115.43225809444,
          "max": 92376.52220032699,
          "percentiles": {
            "p5": 91392.17904625207,
            "p25": 91554.63915009498,
            "p50": 91671.71635479479,
            "p75": 91780.61552138996,
            "p95": 91943.2718183295
          }
        },
        "max_drawdown": {
          "mean": 0.7073207222526638,
          "std": 0.0029626450844768564,
          "min": 0.6965188736103841,
          "max": 0.7183864869599927,
          "percentiles": {
            "p5": 0.7023034884568968,
            "p25": 0.7053355438025335,
            "p50": 0.7073761153369207,
            "p75": 0.7093294321323426,
            "p95": 0.7121216728461671
          }
        },
        "sharpe_ratio": {
          "mean": 3.647778070649849,
          "std": 0.00018020179603245805,
          "min": 3.6470228601411394,
          "max": 3.648493529792541,
          "percentiles": {
            "p5": 3.6474791788290846,
            "p25": 3.6476586036969123,
            "p50": 3.6477785174553725,
            "p75": 3.6478982015360275,
            "p95": 3.6480745318301895
          }
        },
        "win_rate": {
          "mean": 0.6610049046928993,
          "std": 0.0,
          "min": 0.6610049046928993,
          "max": 0.6610049046928993,
          "percentiles": {
            "p5": 0.6610049046928993,
            "p25": 0.6610049046928993,
            "p50": 0.6610049046928993,
            "p75": 0.6610049046928993,
            "p95": 0.6610049046928993
          }
        },
        "profit_factor": {
          "mean": 2.7964853682052047,
          "std": 4.440892098500626e-16,
          "min": 2.796485368205205,
          "max": 2.796485368205205,