{
  "description": "Test cases for Python-MQL5 parity validation",
  "n_tests": 10,
  "tolerance": 0.0001,
  "test_cases": [
    {
      "test_id": 0,
      "base_index": 70,
      "lgb_features_26": [
        -0.029999999329447746,
        0.029999999329447746,
        0.30000001192092896,
        0.7664111852645874,
        -2.7747100830310956e-05,
        -0.00019419737509451807,
        -0.0002995872055180371,
        -1.664844421611633e-05,
        0.30000001192092896,
        0.28928571939468384,
        47.65957260131836,
        1802.1693115234375,
        1802.3111572265625,
        1802.414306640625,
        -0.5,
        0.8660253882408142,
        -1.0,
        0.7664111852645874,
        -1.0,
        0.7664111852645874,
        -1.0,
        0.7664111852645874,
        -1.0,
        0.7664111852645874,
        -1.0,
        0.7664111852645874
      ],
      "transformer_input_shape": [
        1,
        30,
        130
      ],
      "multi_tf_signal": 0.15858428180217743,
      "lgb_input_27": [
        0.15858428180217743,
        -0.029999999329447746,
        0.029999999329447746,
        0.30000001192092896,
        0.7664111852645874,
        -2.7747100830310956e-05,
        -0.00019419737509451807,
        -0.0002995872055180371,
        -1.664844421611633e-05,
        0.30000001192092896,
        0.28928571939468384,
        47.65957260131836,
        1802.1693115234375,
        1802.3111572265625,
        1802.414306640625,
        -0.5,
        0.8660253882408142,
        -1.0,
        0.7664111852645874,
        -1.0,
        0.7664111852645874,
        -1.0,
        0.7664111852645874,
        -1.0,
        0.7664111852645874,
        -1.0,
        0.7664111852645874
      ],
      "expected_label": 2,
      "expected_probs": [
        0.1158723384141922,
        0.06076850742101669,
        0.8233591914176941
      ],
      "label_str": "SELL"
    },
    {
      "test_id": 1,
      "base_index": 71,
      "lgb_features_26": [
        -0.25999999046325684,
        0.25999999046325684,
        0.30000001192092896,
        0.033322226256132126,
        -0.00011099148105131462,
        -0.0002607908973004669,
        -0.00032735400600358844,
        -0.0001997669314732775,
        0.30000001192092896,
        0.2985714375972748,
        48.56114959716797,
        1802.0909423828125,
        1802.257080078125,
        1802.3878173828125,
        -0.258819043636322,
        0.9659258127212524,
        -1.0,
        0.033322226256132126,
        -1.0,
        0.033322226256132126,
        -1.0,
        0.033322226256132126,
        -1.0,
        0.033322226256132126,
        -1.0,
        0.033322226256132126
      ],
      "transformer_input_shape": [
        1,
        30,
        130
      ],
      "multi_tf_signal": 0.03952695056796074,
      "lgb_input_27": [
        0.03952695056796074,
        -0.25999999046325684,
        0.25999999046325684,
        0.30000001192092896,
        0.033322226256132126,
        -0.00011099148105131462,
        -0.0002607908973004669,
        -0.00032735400600358844,
        -0.0001997669314732775,
        0.30000001192092896,
        0.2985714375972748,
        48.56114959716797,
        1802.0909423828125,
        1802.257080078125,
        1802.3878173828125,
        -0.258819043636322,
        0.9659258127212524,
        -1.0,
        0.033322226256132126,
        -1.0,
        0.033322226256132126,
        -1.0,
        0.033322226256132126,
        -1.0,
        0.033322226256132126,
        -1.0,
        0.033322226256132126
      ],
      "expected_label": 2,
      "expected_probs": [
        0.17743845283985138,
        0.11719992756843567,
        0.7053616642951965
      ],
      "label_str": "SELL"
    },
    {
      "test_id": 2,
      "base_index": 72,
      "lgb_features_26": [
        -0.029999999329447746,
        0.029999999329447746,
        0.1899999976158142,
        0.6838505864143372,
        -1.1100380106654484e-05,
        -0.0002774355816654861,
        -0.0003883667232003063,
        -0.00019976914336439222,
        0.1899999976158142,
        0.28857141733169556,
        52.12355041503906,
        1802.0234375,
        1802.2059326171875,
        1802.361572265625,
        0.0,
        1.0,
        -1.0,
        0.6838505864143372,
        -1.0,
        0.6838505864143372,
        -1.0,
        0.6838505864143372,
        -1.0,
        0.6838505864143372,
        -1.0,
        0.6838505864143372
      ],
      "transformer_input_shape": [
        1,
        30,
        130
      ],
      "multi_tf_signal": 0.15985506772994995,
      "lgb_input_27": [
        0.15985506772994995,
        -0.029999999329447746,
        0.029999999329447746,
        0.1899999976158142,
        0.6838505864143372,
        -1.1100380106654484e-05,
        -0.0002774355816654861,
        -0.0003883667232003063,
        -0.00019976914336439222,
        0.1899999976158142,
        0.28857141733169556,
        52.12355041503906,
        1802.0234375,
        1802.2059326171875,
        1802.361572265625,
        0.0,
        1.0,
        -1.0,
        0.6838505864143372,
        -1.0,
        0.6838505864143372,
        -1.0,
        0.6838505864143372,
        -1.0,
        0.6838505864143372,
        -1.0,
        0.6838505864143372
      ],
      "expected_label": 2,
      "expected_probs": [
        0.11749908328056335,
        0.05996943637728691,
        0.822531521320343
      ],
      "label_str": "SELL"
    },
    {
      "test_id": 3,
      "base_index": 73,
      "lgb_features_26": [
        -0.14000000059604645,
        0.14000000059604645,
        0.23000000417232513,
        0.0,
        -6.105277134338394e-05,
        -0.0002386184351053089,
        -0.00033292456646449864,
        -0.0002497142122592777,
        0.23000000417232513,
        0.2807142734527588,
        44.32989501953125,
        1801.9478759765625,
        1802.1490478515625,
        1802.3321533203125,
        0.258819043636322,
        0.9659258127212524,
        -1.0,
        0.0,
        -1.0,
        0.0,
        -1.0,
        0.0,
        -1.0,
        0.0,
        -1.0,
        0.0
      ],
      "transformer_input_shape": [
        1,
        30,
        130
      ],
      "multi_tf_signal": 0.011192459613084793,
      "lgb_input_27": [
        0.011192459613084793,
        -0.14000000059604645,
        0.14000000059604645,
        0.23000000417232513,
        0.0,
        -6.105277134338394e-05,
        -0.0002386184351053089,
        -0.00033292456646449864,
        -0.0002497142122592777,
        0.23000000417232513,
        0.2807142734527588,
        44.32989501953125,
        1801.9478759765625,
        1802.1490478515625,
        1802.3321533203125,
        0.258819043636322,
        0.9659258127212524,
        -1.0,
        0.0,
        -1.0,
        0.0,
        -1.0,
        0.0,
        -1.0,
        0.0,
        -1.0,
        0.0
      ],
      "expected_label": 1,
      "expected_probs": [
        0.33770498633384705,
        0.3873557150363922,
        0.27493926882743835
      ],
      "label_str": "BUY"
    },
    {
      "test_id": 4,
      "base_index": 74,
      "lgb_features_26": [
        0.27000001072883606,
        0.27000001072883606,
        0.3799999952316284,
        0.710339367389679,
        0.00018316948262508959,
        -2.7747100830310956e-05,
        -0.00032731768442317843,
        -3.8845508242957294e-05,
        0.4399999976158142,
        0.2992857098579407,
        57.8125,
        1801.9464111328125,
        1802.1290283203125,
        1802.3167724609375,
        0.5,
        0.8660253882408142,
        -1.0,
        0.710339367389679,
        -1.0,
        0.710339367389679,
        -1.0,
        0.710339367389679,
        -1.0,
        0.710339367389679,
        -1.0,
        0.710339367389679
      ],
      "transformer_input_shape": [
        1,
        30,
        130
      ],
      "multi_tf_signal": 0.14873503148555756,