{
  "scaler_type": "MinMaxScaler",
  "n_features": 130,
  "feature_range": [
    0,
    1
  ],
  "scale": [
    0.015311590874291852,
    0.02779321845469704,
    0.009873617693522909,
    1.000000000005359,
    14.884992415497285,
    14.663424612053756,
    10.363312455749057,
    8.156116128127946,
    0.009873617693522909,
    0.11482939632545947,
    0.010000000000534148,
    0.0006502309421927145,
    0.0006503857933423142,
    0.0006509024351363125,
    0.5,
    0.5086661900604996,
    0.5,
    1.000000000005,
    0.5,
    1.000000000005,
    0.5,
    1.0000000000036764,
    0.5,
    1.0000000000014577,
    0.5,
    1.0000000000035536,
    0.015484670176525257,
    0.028368794326241134,
    0.009861932938856007,
    1.000000000005,
    20.012165444606335,
    11.555464503302208,
    7.877591286420353,
    5.091896815970996,
    0.009861932938856007,
    0.07833482542524639,
    0.010000000001538462,
    15.881929911334977,
    13.252350148469912,
    9.950861883057936,
    0.5,
    0.5086661900604996,
    0.5,
    1.000000000005,
    0.5,
    1.000000000005,
    0.5,
    1.0000000000036764,
    0.5,
    1.0000000000014577,
    0.5,
    1.0000000000035536,
    0.012936610608020687,
    0.02421307506053265,
    0.009822217856792069,
    1.000000000005,
    11.113869958019032,
    8.438821601713816,
    6.2492968160904505,
    4.314411560791216,
    0.009822217856792069,
    0.05116959064327475,
    0.010000000000945945,
    13.80299259028245,
    10.740067153480386,
    7.088246676720875,
    0.5,
    0.5086661900604996,
    0.5,
    1.000000000005385,
    0.5,
    1.000000000005,
    0.5,
    1.0000000000036764,
    0.5,
    1.0000000000014577,
    0.5,
    1.0000000000035536,
    0.010775862068965495,
    0.02132196162046904,
    0.009822217856792069,
    1.0000000000036764,
    10.540990739014246,
    5.257695494690238,
    4.560147776220298,
    3.297481599917449,
    0.009822217856792069,
    0.035448422545196756,
    0.01000000000057073,
    8.622329261884124,
    6.858323289632872,
    5.309708007556186,
    0.5,
    0.5086661900604996,
    0.5,
    1.0000000000075757,
    0.5,
    1.000000000005596,
    0.5,
    1.0000000000036764,
    0.5,
    1.0000000000014577,
    0.5,
    1.0000000000035536,
    0.004549176599035576,
    0.007417297136923308,
    0.006309944472488642,
    1.0000000000035536,
    4.987082977663522,
    3.431167065615844,
    2.7620889236860147,
    1.8123859244854301,
    0.006309944472488642,
    0.015126631515256289,
    0.01037961911986379,
    5.089516293382343,
    4.506149988609078,
    3.2221594731976357,
    1.0,
    1.0,
    0.5,
    1.0000000000337839,
    0.5,
    1.0000000000198808,
    0.5,
    1.0000000000161813,
    0.5,
    1.0000000000056817,
    0.5,
    1.0000000000035536
  ],
  "min": [
    0.5509110396570212,
    0.0,
    0.0,
    0.0,
    0.49533670412775166,
    0.49270283300281037,
    0.5386594477537145,
    0.5351544167699611,
    0.0,
    0.0,
    0.0,
    -0.24797226701610808,
    -0.24807586350548874,
    -0.2484009997664161,
    0.5,
    0.5086661900604996,
    0.5,
    0.0,
    0.5,
    0.0,
    0.5,
    0.0,
    0.5,
    0.0,
    0.5,
    0.0,
    0.5458346237225153,
    0.0,
    0.0,
    0.0,
    0.5477834238201384,
    0.5335836729242289,
    0.5286739041108771,
    0.44887244658697484,
    0.0,
    0.0,
    0.0,
    0.5735855964283562,
    0.5434939357966616,
    0.5172008252090778,
    0.5,
    0.5086661900604996,
    0.5,
    0.0,
    0.5,
    0.0,
    0.5,
    0.0,
    0.5,
    0.0,
    0.5,
    0.0,
    0.5342820181112553,
    0.0,
    0.0,
    0.0,
    0.552704112676141,
    0.5466481104221277,
    0.513612349237248,
    0.4091659180929761,
    0.0,
    0.0,
    0.0,
    0.5375882334516248,
    0.5442874636205559,
    0.5077125323309327,
    0.5,
    0.5086661900604996,
    0.5,
    0.0,
    0.5,
    0.0,
    0.5,
    0.0,
    0.5,
    0.0,
    0.5,
    0.0,
    0.5053879310344828,
    0.0,
    0.0,
    0.0,
    0.5547889862639083,
    0.4382372696012346,
    0.3874081371225861,
    0.48213990333685014,
    0.0,
    0.0,
    0.0,
    0.499411391386049,
    0.4653800380608003,
    0.44486189163403844,
    0.5,
    0.5086661900604996,
    0.5,
    0.0,
    0.5,
    0.0,
    0.5,
    0.0,
    0.5,
    0.0,
    0.5,
    0.0,
    0.613319989081976,
    0.0,
    0.0,
    0.0,
    0.4519336830459755,
    0.4917803335864849,
    0.5282154721528787,
    0.41311617978201154,
    0.0,
    0.0,
    0.0,
    0.5745219857055089,
    0.5918240922520079,
    0.4901736978623685,
    0.0,
    0.0,
    0.5,
    0.0,
    0.5,
    0.0,
    0.5,
    0.0,
    0.5,
    0.0,
    0.5,
    0.0
  ],
  "data_min": [
    -35.98000000000002,
    0.0,
    0.0,
    0.0,
    -0.03327759197324409,
    -0.03360080240722174,
    -0.0519775361452981,
    -0.06561387900355875,
    0.0,
    0.0,
    0.0,
    381.36029974195606,
    381.4287858758936,
    381.6255499403621,
    -1.0,
    -1.0,
    -1.0,
    0.0,
    -1.0,
    0.0,
    -1.0,
    0.0,
    -1.0,
    0.0,
    -1.0,
    0.0,
    -35.25,
    0.0,
    0.0,
    0.0,
    -0.027372521246458947,
    -0.04617587400071599,
    -0.06711111111111112,
    -0.0881542699724518,
    0.0,
    0.0,
    0.0,
    -0.03611561061096149,
    -0.04101113611606559,
    -0.05197548024354049,
    -1.0,
    -1.0,
    -1.0,
    0.0,
    -1.0,
    0.0,
    -1.0,
    0.0,
    -1.0,
    0.0,
    -1.0,
    0.0,
    -41.30000000000007,
    0.0,
    0.0,
    0.0,
    -0.04973102211595937,
    -0.06477777777777771,
    -0.08218722271517309,
    -0.0948370159702473,
    0.0,
    0.0,
    0.0,
    -0.038947223215210325,
    -0.05067821791451054,
    -0.07162737916533794,
    -1.0,
    -1.0,
    -1.0,
    0.0,
    -1.0,
    0.0,
    -1.0,
    0.0,
    -1.0,
    0.0,
    -1.0,
    0.0,
    -46.90000000000009,
    0.0,
    0.0,
    0.0,
    -0.052631578947368474,
    -0.0833515881708653,
    -0.08495517165974198,
    -0.1462145848968256,
    0.0,
    0.0,
    0.0,
    -0.05792070520824894,
    -0.06785624100926747,
    -0.08378274116033507,
    -1.0,
    -1.0,
    -1.0,
    0.0,
    -1.0,
    0.0,
    -1.0,
    0.0,
    -1.0,
    0.0,
    -1.0,
    0.0,
    -134.81999999999994,
    0.0,
    0.0,
    0.0,
    -0.09062084690993233,
    -0.143327423055169,
    -0.19123767798466595,
    -0.22794051432467555,
    0.0,
    0.0,
    0.0,
    -0.11288341614163466,
    -0.13133697141641026,
    -0.15212583422381806,
    0.0,
    0.0,
    -1.0,
    0.0,
    -1.0,
    0.0,
    -1.0,
    0.0,
    -1.0,
    0.0,
    -1.0,
    0.0
  ],